<?xml version="1.0" encoding="UTF-8"?>
<project-private xmlns="http://www.netbeans.org/ns/project-private/1">
    <editor-bookmarks xmlns="http://www.netbeans.org/ns/editor-bookmarks/2" lastBookmarkId="0"/>
    <open-files xmlns="http://www.netbeans.org/ns/projectui-open-files/2">
        <group>
            <file>file:/home/h-o-cally/EE-2361/ocall018_lab2b_v001.X/ocall018_lab2b_asmLib_v001.h</file>
            <file>file:/home/h-o-cally/EE-2361/ocall018_lab2b_v001.X/ocall018_lab2b_main_v001.c</file>
            <file>file:/home/h-o-cally/EE-2361/ocall018_lab2b_v001.X/ocall018_lab2b_asmLib_v001.s</file>
        </group>
    </open-files>
</project-private>
